{"1L1R": [0.0, -0.0], "1L2R": [0.0, -0.0], "1L8L": [-0.04356341812977845, 0.04356341812977845], "1L7L": [-0.02513274122871835, 0.02513274122871835], "1L3L": [0.018849555921538752, -0.018849555921538752], "1L4L": [-0.04188790204786391, 0.04188790204786391], "1L6R": [-0.13613568165555767, 0.1361356816555577], "1L5R": [-0.1759291886010284, 0.1759291886010284], "1L5L": [0.03351032163829113, 0.03351032163829113], "1L6L": [0.08377580409572782, 0.10471975511965975], "1L8S": [-0.03637799185787745, 0.040663706143591716], "1L7S": [-0.04563841635824473, 0.04992413064395901], "1L4S": [0.034081338761415045, -0.030224195904272166], "1L3S": [0.08311209795213609, -0.07918510713514884], "1L2S": [-0.012347232667156385, 0.016632946952870667], "1L6S": [-0.08994942042930602, 0.09423513471502029], "1L5S": [-0.17063841635824473, 0.17400440848709095], "1S3L": [0.07379897204450858, -0.06706698778681615], "1S7R": [-0.11762747754749663, 0.1219131918332109], "1S1L": [0.006731984257692419, -0.0], "1S1R": [0.0042857142857142885, -0.0], "1S8R": [-0.06096924080927896, 0.06525495509499324], "1S6L": [0.05760112684386651, -0.05423513471502031], "1S5L": [0.1746776069128602, -0.17063841635824473], "1S2R": [0.031156757912125604, -0.027117567357510156], "1S8L": [-0.06143805509807655, 0.06572376938379085], "1S7L": [-0.10592604460320483, 0.10929203673205104], "1S8S": [-0.07142857142857142, 0.07142857142857142], "1S7S": [-0.10714285714285715, 0.10714285714285715], "1S4S": [0.07142857142857142, -0.07142857142857142], "1S3S": [0.10714285714285715, -0.10714285714285715], "1R3S": [0.1219131918332109, -0.11762747754749663], "1R5L": [0.16755160819145565, -0.16755160819145565], "2L2R": [0.0, -0.0], "2L8L": [0.04084070449666731, -0.040840704496667324], "2L7L": [0.03141592653589795, -0.03141592653589792], "2L6R": [-0.06283185307179587, 0.06283185307179587], "2L4L": [-0.047123889803846894, 0.047123889803846894], "2L3L": [0.036651914291880916, -0.036651914291880916], "2L5L": [0.09424777960769379, 0.012566370614359168], "2L3S": [0.07357775101776531, -0.07021175888891912], "2L4S": [-0.02496838776831626, 0.028334379897162462], "2L8S": [0.0014854734456021534, 0.002800240840112128], "2L2S": [0.0, 0.0042857142857142885], "2S2L": [0.0042857142857142885, -0.0], "2L6S": [0.01074589794596946, -0.00737990581712325], "2L5S": [-0.07209227757216316, 0.07545826970100936], "2S1L": [0.009485889200243028, -0.005200174914528746], "2S3S": [0.07142857142857142, -0.07142857142857142], "2S4S": [0.03571428571428572, -0.03571428571428572], "2S8S": [0.0, -0.0], "2S7S": [-0.03571428571428571, 0.03571428571428571], "2S5L": [0.09423513471502029, -0.08994942042930602], "2S6L": [-0.00023704867426610488, 0.0036030408031123146], "2S8R": [-0.05479562447570077, 0.05908133876141504], "2S3L": [0.05852084900073458, -0.05423513471502031], "2S4L": [0.002800240840112128, 0.0014854734456021534], "2S7L": [-0.04002528978534699, 0.04431100407106127], "2S8L": [0.028334379897162462, -0.02496838776831626], "2S2R": [0.0042857142857142885, -0.0], "2R5L": [0.13613568165555767, -0.13613568165555767], "2R6L": [-0.06283185307179587, 0.06283185307179587], "2R1S": [0.016099868814103448, -0.012060678259488006], "2R1L": [0.0, -0.0], "2R3S": [0.06525495509499324, -0.06096924080927896], "2R4S": [0.05908133876141504, -0.05479562447570077]}